<settings xmlns="http://maven.apache.org/SETTINGS/1.0.0"
  xmlns:xsi="http://www.w3.org/2001/XMLSchema-instance"
  xsi:schemaLocation="http://maven.apache.org/SETTINGS/1.0.0
					  https://maven.apache.org/xsd/settings-1.0.0.xsd">
	
	<mirrors>
		<mirror>
		  <id>relisa-global-mirror</id>
		  <name>Relisa mirror</name>
		  <url>https://repo1.maven.org/maven2/</url>
		  <mirrorOf>relisa-global</mirrorOf>
		</mirror>
		
		<mirror>
		  <id>maven.kalwi.eu.releases-mirror</id>
		  <name>Kalwi r mirror</name>
		  <url>https://repo1.maven.org/maven2/</url>
		  <mirrorOf>maven.kalwi.eu.releases</mirrorOf>
		</mirror>
		
		<mirror>
		  <id>maven.kalwi.eu.snapshots-mirror</id>
		  <name>Kalwi s mirror</name>
		  <url>https://repo1.maven.org/maven2/</url>
		  <mirrorOf>maven.kalwi.eu.snapshots</mirrorOf>
		</mirror>
		
		<mirror>
		  <id>tmatesoft-mirror</id>
		  <name>tmatesoft mirror</name>
		  <url>https://repo.spring.io/plugins-release/</url>
		  <mirrorOf>tmatesoft</mirrorOf>
		</mirror>
		
		<mirror>
		  <id>central-mirror</id>
		  <name>central mirror</name>
		  <url>https://repo1.maven.org/maven2/</url>
		  <mirrorOf>central</mirrorOf>
		</mirror>
	</mirrors>
	
	<servers>
		<server>
		  <id>maven.kalwi.eu.releases</id>
		  <configuration>
			<httpConfiguration>
			  <all>
				<connectionTimeout>1000</connectionTimeout>
				<readTimeout>1000</readTimeout>
			  </all>
			</httpConfiguration>
		  </configuration>
		</server>
		<server>
		  <id>maven.kalwi.eu.snapshots</id>
		  <configuration>
			<httpConfiguration>
			  <all>
				<connectionTimeout>1000</connectionTimeout>
				<readTimeout>1000</readTimeout>
			  </all>
			</httpConfiguration>
		  </configuration>
		</server>
		
		<server>
		  <id>tmatesoft</id>
		  <configuration>
			<httpConfiguration>
			  <all>
				<connectionTimeout>1000</connectionTimeout>
				<readTimeout>1000</readTimeout>
			  </all>
			</httpConfiguration>
		  </configuration>
		</server>
		
		<server>
		  <id>relisa-global</id>
		  <configuration>
			<httpConfiguration>
			  <all>
				<connectionTimeout>1000</connectionTimeout>
				<readTimeout>1000</readTimeout>
			  </all>
			</httpConfiguration>
		  </configuration>
		</server>
	</servers>
</settings>